{
  "selected_projects": [
    "Large Solar Park"
  ],
  "S": {
    "Verbose": [
      [
        0,
        [
          [
            60.0,
            0.0,
            0.0,
            0.0,
            0.0,
            0.0,
            0.0,
            0.0,
            0.0,
            0.0,
            -1.0,
            1.0,
            0.0,
            4000.0
          ],
          [
            -1000.0,
            -35.0,
            -25.0,
            -20.0,
            -60.0,
            -45.0,
            -80.0,
            -12.0,
            -6.0,
            -10.0,
            20.0,
            0.0,
            1.0,
            0.0
          ]
        ],
        [
          [
            0.0,
            -35.0,
            -25.0,
            -20.0,
            -60.0,
            -45.0,
            -80.0,
            -12.0,
            -6.0,
            -10.0,
            3.333333333333332,
            16.666666666666668,
            1.0
          ],
          0.0
        ]
      ],
      [
        1,
        [
          [
            1.0,
            0.0,
            0.0,
            0.0,
            0.0,
            0.0,
            0.0,
            0.0,
            0.0,
            0.0,
            -0.016666666666666666,
            0.016666666666666666,
            0.0,
            66.66666666666667
          ],
          [
            0.0,
            -35.0,
            -25.0,
            -20.0,
            -60.0,
            -45.0,
            -80.0,
            -12.0,
            -6.0,
            -10.0,
            3.333333333333332,
            16.666666666666668,
            1.0,
            66666.66666666667
          ]
        ],
        [
          [
            0.0,
            -35.0,
            -25.0,
            -20.0,
            -60.0,
            -45.0,
            -80.0,
            -12.0,
            -6.0,
            -10.0,
            3.333333333333332,
            16.666666666666668,
            1.0
          ],
          66666.66666666667
        ]
      ]
    ],
    "Unbounded": 1
  }
}